id,Title,Author,Price,Avail,ImageURL,Tags,createdAt,updatedAt
1,Getting Everything You Can Out of All You've Got,"Abraham, Jay",0,TRUE,https://images-na.ssl-images-amazon.com/images/I/81SOM0kcgdL.jpg,,6/2/2019 21:12,6/2/2019 21:12
2,Speaking Up Without Freaking Out,"Abrahams, Matt",0,TRUE,"https://images-na.ssl-images-amazon.com/images/I/5139YMLM4qL._SX355_BO1,204,203,200_.jpg",,6/2/2019 21:12,6/2/2019 21:12
3,The Wall Street MBA,"Advani, Reuben",0,TRUE,"https://images-na.ssl-images-amazon.com/images/I/513Fv0RriZL._SX332_BO1,204,203,200_.jpg",,6/2/2019 21:12,6/2/2019 21:12
4,Getting Things Done,"Allen, David",0,TRUE,https://images-na.ssl-images-amazon.com/images/I/81Sna4a0jPL.jpg,,6/2/2019 21:12,6/2/2019 21:12
5,Idea Man,"Allen, Paul",0,TRUE,https://images-na.ssl-images-amazon.com/images/I/91K-6mNlvRL.jpg,,6/2/2019 21:12,6/2/2019 21:12
6,The Credibility Code,"Alter, Cara Hale",0,TRUE,"https://images-na.ssl-images-amazon.com/images/I/41jb-ReFH%2BL._SX332_BO1,204,203,200_.jpg",,6/2/2019 21:12,6/2/2019 21:12
7,The Man Who Wasn't There,"Ananthaswamy, Anil",0,TRUE,https://images-na.ssl-images-amazon.com/images/I/51u6z6aG5yL.jpg,,6/2/2019 21:12,6/2/2019 21:12
8,Feed,"Anderson, M. T.",0,TRUE,"https://images-na.ssl-images-amazon.com/images/I/51Ch8sDZ6BL._SX300_BO1,204,203,200_.jpg",,6/2/2019 21:12,6/2/2019 21:12
9,"Think Like a Billionaire, Become a Billionaire","Anderson, Scot",0,TRUE,"https://images-na.ssl-images-amazon.com/images/I/51Lqkh327qL._SX331_BO1,204,203,200_.jpg",,6/2/2019 21:12,6/2/2019 21:12
10,Modern Romance,"Ansari, Aziz",0,TRUE,https://images-na.ssl-images-amazon.com/images/I/81p047toiVL.jpg,,6/2/2019 21:12,6/2/2019 21:12
11,It's Not How Good You Are; It's How Good You Want to Be,"Arden, Paul",0,TRUE,"https://images-na.ssl-images-amazon.com/images/I/51h6PJXKS%2BL._SX335_BO1,204,203,200_.jpg",,6/2/2019 21:12,6/2/2019 21:12
12,The (Honest) Truth About Dishonesty,"Ariely, Dan",0,TRUE,https://images.gr-assets.com/books/1331070373l/13426114.jpg,,6/2/2019 21:12,6/2/2019 21:12
13,The Social Animal,"Aronson, Elliot",0,TRUE,"https://images-na.ssl-images-amazon.com/images/I/51QxvVOjrhL._SX329_BO1,204,203,200_.jpg",,6/2/2019 21:12,6/2/2019 21:12
14,The Answer,"Assaraf, John",0,TRUE,https://images-na.ssl-images-amazon.com/images/I/81VNKegzYgL.jpg,,6/2/2019 21:12,6/2/2019 21:12
15,The Wealthy Speaker 2.0,"Atkinson, Jane",0,TRUE,"https://images-na.ssl-images-amazon.com/images/I/5110LE7Y2oL._SX331_BO1,204,203,200_.jpg",,6/2/2019 21:12,6/2/2019 21:12
16,The Meditations of Marcus Aurelius,"Aurelius, Marcus",0,TRUE,"https://images-na.ssl-images-amazon.com/images/I/51cQEdN9KuL._SX331_BO1,204,203,200_.jpg",,6/2/2019 21:12,6/2/2019 21:12
17,Speaker Leader Champion,"Avery, Ryan",0,TRUE,"https://images-na.ssl-images-amazon.com/images/I/51EVY74TMDL._SX331_BO1,204,203,200_.jpg",,6/2/2019 21:12,6/2/2019 21:12
18,The Science of Evil,"Baron-Cohen, Simon",0,TRUE,"https://images-na.ssl-images-amazon.com/images/I/51ZgJrf5spL._SX330_BO1,204,203,200_.jpg",,6/2/2019 21:12,6/2/2019 21:12
19,Making Sense of People,"Barondes, Samuel",0,TRUE,"https://images-na.ssl-images-amazon.com/images/I/41EFbyFTWQL._SX331_BO1,204,203,200_.jpg",,6/2/2019 21:12,6/2/2019 21:12
20,Secrets of Mental Math,"Benjamin, Arthur",0,TRUE,https://images-na.ssl-images-amazon.com/images/I/81YXNRTPJQL.jpg,,6/2/2019 21:12,6/2/2019 21:12
21,Emotional Utopia,"Benson, Leah",0,TRUE,"https://images-na.ssl-images-amazon.com/images/I/41lwkqWYUdL._SX331_BO1,204,203,200_.jpg",,6/2/2019 21:12,6/2/2019 21:12
22,Contagious,"Berger, Jonah",0,TRUE,https://images-na.ssl-images-amazon.com/images/I/41FJ2mIlxgL.jpg,,6/2/2019 21:12,6/2/2019 21:12
23,Confessions of a Public Speaker,"Berkun, Scott",0,TRUE,"https://images-na.ssl-images-amazon.com/images/I/41lZxPKMZuL._SX324_BO1,204,203,200_.jpg",,6/2/2019 21:12,6/2/2019 21:12
24,The Four Pillars of Investing,"Bernstein, William",0,TRUE,https://images-na.ssl-images-amazon.com/images/I/51hlBGKZJzL.jpg,,6/2/2019 21:12,6/2/2019 21:12
25,The One Minute Manager,"Blanchard, Ken",0,TRUE,https://dynamic.indigoimages.ca/books/0688014291.jpg?altimages=false&scaleup=true&maxheight=515&width=380&quality=85&sale=0&lang=en,,6/2/2019 21:12,6/2/2019 21:12
26,Radical Honesty,"Blanton, Brad",0,TRUE,"https://images-na.ssl-images-amazon.com/images/I/51NisCKHNOL._SX383_BO1,204,203,200_.jpg",,6/2/2019 21:12,6/2/2019 21:12
27,Fanatical Prospecting,"Blount, Jeb",0,TRUE,https://images-na.ssl-images-amazon.com/images/I/41leOaqpoyL._SY445_QL70_.jpg,,6/2/2019 21:12,6/2/2019 21:12
28,Faking It,"Blumenfeld, Amir",0,TRUE,,,6/2/2019 21:12,6/2/2019 21:12
29,The Art of Conversation,"Blyth, Catherine",0,TRUE,https://images-na.ssl-images-amazon.com/images/I/71KQkex9PBL.jpg,,6/2/2019 21:12,6/2/2019 21:12
30,Work Rules! ,"Bock, Laslo",0,TRUE,"https://images-na.ssl-images-amazon.com/images/I/51Df4YVLvbL._SX329_BO1,204,203,200_.jpg",,6/2/2019 21:12,6/2/2019 21:12
31,The Power of Others,"Bond, Michael",0,TRUE,"https://images-na.ssl-images-amazon.com/images/I/41LTqQORf9L._SX324_BO1,204,203,200_.jpg",,6/2/2019 21:12,6/2/2019 21:12
32,Radical Acceptance,"Brach, Tara",0,TRUE,https://images-na.ssl-images-amazon.com/images/I/61O5gqgXH9L.jpg,,6/2/2019 21:12,6/2/2019 21:12
33,The Disease to Please,"Braiker, Harriet",0,TRUE,https://images-na.ssl-images-amazon.com/images/I/51g5HRwTPVL.jpg,,6/2/2019 21:12,6/2/2019 21:12
34,Six Pillars of Self-Esteem,"Branden, Nathaniel",0,TRUE,https://images-na.ssl-images-amazon.com/images/I/91V6ecz6GML.jpg,,6/2/2019 21:12,6/2/2019 21:12
35,One Click,"Brandt, Richard",0,TRUE,"https://images-na.ssl-images-amazon.com/images/I/415xQDlEREL._SX355_BO1,204,203,200_.jpg",,6/2/2019 21:12,6/2/2019 21:12
36,"Screw It, Let's Do It!","Branson, Richard",0,TRUE,"https://res.cloudinary.com/www-virgin-com/w_400,c_scale,dpr_3.0,f_auto,fl_lossy,q_auto/virgin-com-prod/sites/virgin.com/files/Books/Screwit-325x500.jpg",,6/2/2019 21:12,6/2/2019 21:12
37,Losing My Virginity,"Branson, Richard",0,TRUE,https://images-na.ssl-images-amazon.com/images/I/91226J51nmL.jpg,,6/2/2019 21:12,6/2/2019 21:12
38,Top Dog,"Bronson, Po",0,TRUE,"https://images-na.ssl-images-amazon.com/images/I/51K0KIg1rJL._SX323_BO1,204,203,200_.jpg",,6/2/2019 21:12,6/2/2019 21:12
39,Daring Greatly,"Brown, Brene",0,TRUE,https://images-na.ssl-images-amazon.com/images/I/916RK2K817L.jpg,,6/2/2019 21:12,6/2/2019 21:12
40,A Few Lessons for Investors and Managers,"Buffett, Warren",0,TRUE,https://images-na.ssl-images-amazon.com/images/I/81ki7FfFpwL.jpg,,6/2/2019 21:12,6/2/2019 21:12
41,The Motivation Manifesto,"Burchard, Brendon",0,TRUE,https://images-na.ssl-images-amazon.com/images/I/81-WBC%2Bx0jL.jpg,,6/2/2019 21:12,6/2/2019 21:12
42,The Art of Persuasion,"Burg, Bob",0,TRUE,"https://images-na.ssl-images-amazon.com/images/I/51E28XvpxSL._SX322_BO1,204,203,200_.jpg",,6/2/2019 21:12,6/2/2019 21:12
43,The Go-Giver,"Burg, Bob",0,TRUE,https://images-na.ssl-images-amazon.com/images/I/81L9YSR1qYL.jpg,,6/2/2019 21:12,6/2/2019 21:12
44,Intimate Connections,"Burns, David",0,TRUE,https://images-na.ssl-images-amazon.com/images/I/81--AKwSBSL.jpg,,6/2/2019 21:12,6/2/2019 21:12
45,Overcoming Social Anxiety and Shyness,"Butler, Gillian",0,TRUE,https://images-na.ssl-images-amazon.com/images/I/71mjA2VxNvL.jpg,,6/2/2019 21:12,6/2/2019 21:12
46,The Charisma Myth,"Cabane, Olivia",0,TRUE,https://images-na.ssl-images-amazon.com/images/I/81DNOY393kL.jpg,,6/2/2019 21:12,6/2/2019 21:12
47,I Dare Me,"Cain, LuAnn",0,TRUE,"https://images-na.ssl-images-amazon.com/images/I/41ZaJ6Z1h%2BL._SX329_BO1,204,203,200_.jpg",,6/2/2019 21:12,6/2/2019 21:12
48,Quiet,"Cain, Susan",0,TRUE,https://images-na.ssl-images-amazon.com/images/I/81vOO4hRh0L.jpg,,6/2/2019 21:12,6/2/2019 21:12
49,Winners,"Campbell, Alastair",0,TRUE,"https://images-na.ssl-images-amazon.com/images/I/51mLHnIfQ1L._SX331_BO1,204,203,200_.jpg",,6/2/2019 21:12,6/2/2019 21:12
50,Timing the Real Estate Market,"Campbell, Robert",0,TRUE,"https://images-na.ssl-images-amazon.com/images/I/51MAKCNDJML._SX317_BO1,204,203,200_.jpg",,6/2/2019 21:12,6/2/2019 21:12
51,Sell or Be Sold,"Cardone, Grant",0,TRUE,"https://images-na.ssl-images-amazon.com/images/I/41jVx9H8-QL._SX322_BO1,204,203,200_.jpg",,6/2/2019 21:12,6/2/2019 21:12
52,The 10X Rule,"Cardone, Grant",0,TRUE,"https://images-na.ssl-images-amazon.com/images/I/41wkGWTxo7L._SX329_BO1,204,203,200_.jpg",,6/2/2019 21:12,6/2/2019 21:12
53,"If You're Not First, You're Last","Cardone, Grant",0,TRUE,"https://images-na.ssl-images-amazon.com/images/I/519I-YELQvL._SX330_BO1,204,203,200_.jpg",,6/2/2019 21:12,6/2/2019 21:12
54,The Closer's Survival Guide,"Cardone, Grant",0,TRUE,https://images-na.ssl-images-amazon.com/images/I/51vqO1dLeFL.jpg,,6/2/2019 21:12,6/2/2019 21:12
55,Be Obsessed or Be Average,"Cardone, Grant",0,TRUE,https://images-na.ssl-images-amazon.com/images/I/81SbC-kLmXL.jpg,,6/2/2019 21:12,6/2/2019 21:12
56,The Millionaire Booklet,"Cardone, Grant",0,TRUE,http://onestoppeshoppe.com/wp/wp-content/uploads/2016/08/The-millionaire-Booklet1.jpg,,6/2/2019 21:12,6/2/2019 21:12
57,How to Win Friends and Influence People,"Carnegie, Dale",0,TRUE,https://dynamic.indigoimages.ca/books/0671027034.jpg?altimages=false&scaleup=true&maxheight=515&width=380&quality=85&sale=38&lang=en,,6/2/2019 21:12,6/2/2019 21:12
58,How to Stop Worrying and Start Living,"Carnegie, Dale",0,TRUE,"https://images-na.ssl-images-amazon.com/images/I/51StUBlb0rL._SX302_BO1,204,203,200_.jpg",,6/2/2019 21:12,6/2/2019 21:12
59,How to Enjoy Your Life and Your Job,"Carnegie, Dale",0,TRUE,"https://images-na.ssl-images-amazon.com/images/I/51WMQadC%2BxL._SX288_BO1,204,203,200_.jpg",,6/2/2019 21:12,6/2/2019 21:12
60,The Power Broker,"Caro, Robert",0,TRUE,"https://images-na.ssl-images-amazon.com/images/I/51%2BWEx%2BYLHL._SX326_BO1,204,203,200_.jpg",,6/2/2019 21:12,6/2/2019 21:12
61,One Nation,"Carson, Ben",0,TRUE,https://images-na.ssl-images-amazon.com/images/I/A1Kn85ymAjL.jpg,,6/2/2019 21:12,6/2/2019 21:12
62,The Invisible Gorilla,"Chabris, Christopher",0,TRUE,https://images-na.ssl-images-amazon.com/images/I/71-AZNnx6JL.jpg,,6/2/2019 21:12,6/2/2019 21:12
63,100 Ways to Motivate Others,"Chandler, Steve",0,TRUE,"https://images-na.ssl-images-amazon.com/images/I/514zLSd4EyL._SX316_BO1,204,203,200_.jpg",,6/2/2019 21:12,6/2/2019 21:12
64,100 Ways to Motivate Yourself,"Chandler, Steve",0,TRUE,"https://images-na.ssl-images-amazon.com/images/I/51G3sGOrBOL._AC_UL320_SR204,320_.jpg",,6/2/2019 21:12,6/2/2019 21:12
65,The 5 Love Languages,"Chapman, Gary",0,TRUE,"https://images-na.ssl-images-amazon.com/images/I/51ItBwnbJ6L._SX322_BO1,204,203,200_.jpg",,6/2/2019 21:12,6/2/2019 21:12
66,The Warren Buffett Philosophy of Investment,"Chirkova, Elena",0,TRUE,"https://images-na.ssl-images-amazon.com/images/I/51Dic1Ve1lL._SX329_BO1,204,203,200_.jpg",,6/2/2019 21:12,6/2/2019 21:12
67,Influence - the Psychology of Persuasion,"Cialdini, Robert",0,TRUE,"https://images-na.ssl-images-amazon.com/images/I/512-B-1yXuL._SX331_BO1,204,203,200_.jpg",,6/2/2019 21:12,6/2/2019 21:12
68,Hard Choices,"Clinton, Hillary",0,TRUE,"https://images-na.ssl-images-amazon.com/images/I/41pfFP6UxDL._SX332_BO1,204,203,200_.jpg",,6/2/2019 21:12,6/2/2019 21:12
69,Spinach in Your Boss's Teeth,"Clise, Arden",0,TRUE,"https://images-na.ssl-images-amazon.com/images/I/41sn33rTXWL._SX322_BO1,204,203,200_.jpg",,6/2/2019 21:12,6/2/2019 21:12
70,The Fish That Ate the Whale,"Cohen, Rich",0,TRUE,https://images.gr-assets.com/books/1327473440l/13166586.jpg,,6/2/2019 21:12,6/2/2019 21:12
71,Good to Great,"Collins, Jim",0,TRUE,https://images-na.ssl-images-amazon.com/images/I/81cOrVseOYL.jpg,,6/2/2019 21:12,6/2/2019 21:12
72,The Analects,Confucius,0,TRUE,"https://images-na.ssl-images-amazon.com/images/I/51gMMmTmUAL._SX330_BO1,204,203,200_.jpg",,6/2/2019 21:12,6/2/2019 21:12
73,Commercial Real Estate Investing for Dummies,"Conti, Peter",0,TRUE,"https://images-na.ssl-images-amazon.com/images/I/61d6AxOMCrL._SX258_BO1,204,203,200_.jpg",,6/2/2019 21:12,6/2/2019 21:12
74,The Virtual Presenter's Playbook,"Courville, Roger",0,TRUE,,,6/2/2019 21:12,6/2/2019 21:12
75,The 7 Habits of Highly Effective People,"Covey, Stephen",0,TRUE,https://images-na.ssl-images-amazon.com/images/I/71duvzVo8nL.jpg,,6/2/2019 21:12,6/2/2019 21:12
76,Flow,"Csikszentmihalyi, Mihaly",0,TRUE,https://images-na.ssl-images-amazon.com/images/I/61pyXLUkB4L.jpg,,6/2/2019 21:12,6/2/2019 21:12
77,How to Win at the Sport of Business,"Cuban, mark",0,TRUE,https://images-na.ssl-images-amazon.com/images/I/51-s9Jx9mzL.jpg,,6/2/2019 21:12,6/2/2019 21:12
78,The Ultimate Blueprint for an Insanely Successful Business,"Cunningham, Keith",0,TRUE,https://images-na.ssl-images-amazon.com/images/I/41G%2B8x3-kjL.jpg,,6/2/2019 21:12,6/2/2019 21:12
79,Slow Sex,"Daedone, Nicole",0,TRUE,https://images-na.ssl-images-amazon.com/images/I/41EB1iMAfvL.jpg,,6/2/2019 21:12,6/2/2019 21:12
80,Riveted,"Davies, Jim",0,TRUE,https://images-na.ssl-images-amazon.com/images/I/41qF2ecxHLL.jpg,,6/2/2019 21:12,6/2/2019 21:12
81,Wheat Belly,"Davis, William",0,TRUE,https://images-na.ssl-images-amazon.com/images/I/915HLo6TP7L.jpg,,6/2/2019 21:12,6/2/2019 21:12
82,The Selfish Gene,"Dawkins, Richard",0,TRUE,https://images.gr-assets.com/books/1366758096l/61535.jpg,,6/2/2019 21:12,6/2/2019 21:12
83,Teaching Thinking,"De Bono, Edward",0,TRUE,"https://images-na.ssl-images-amazon.com/images/I/51K11B46BRL._SX301_BO1,204,203,200_.jpg",,6/2/2019 21:12,6/2/2019 21:12
84,The Way of the Superior Man,"Deida, David",0,TRUE,https://images-na.ssl-images-amazon.com/images/I/51uaApZ9oxL.jpg,,6/2/2019 21:12,6/2/2019 21:12
85,Bold,"Diamandis, Peter",0,TRUE,"https://images-na.ssl-images-amazon.com/images/I/51nkVaXEUSL._SX326_BO1,204,203,200_.jpg",,6/2/2019 21:12,6/2/2019 21:12
86,What Makes Your Brain happy and Why You Should Do the Opposite,"DiSalvo, David",0,TRUE,https://images-na.ssl-images-amazon.com/images/I/51tOUsiMHvL._AC_SY400_.jpg,,6/2/2019 21:12,6/2/2019 21:12
87,The Way of the Seal,"Divine, Mark",0,TRUE,https://images-na.ssl-images-amazon.com/images/I/91oEMJ6VcfL.jpg,,6/2/2019 21:12,6/2/2019 21:12
88,The Economics Book,DK Publishing,0,TRUE,https://images-na.ssl-images-amazon.com/images/I/91mBf93RgkL.jpg,,6/2/2019 21:12,6/2/2019 21:12
89,The Psychology Book,DK Publishing,0,TRUE,"https://images-na.ssl-images-amazon.com/images/I/61roQVDsneL._SX258_BO1,204,203,200_.jpg",,6/2/2019 21:12,6/2/2019 21:12
90,Managing Oneself,"Drucker, Peter",0,TRUE,"https://images-na.ssl-images-amazon.com/images/I/51CtzJSCz8L._SX344_BO1,204,203,200_.jpg",,6/2/2019 21:12,6/2/2019 21:12
91,Freakonomics,"Dubner, Stephen",0,TRUE,"https://images-na.ssl-images-amazon.com/images/I/51gYI2oq6KL._SX328_BO1,204,203,200_.jpg",,6/2/2019 21:12,6/2/2019 21:12
92,The Power of Habit,"Duhigg, Charles",0,TRUE,https://images-na.ssl-images-amazon.com/images/I/819ZixpQzUL.jpg,,6/2/2019 21:12,6/2/2019 21:12
93,"Smarter, Faster, Better","Duhigg, Charles",0,TRUE,https://images-na.ssl-images-amazon.com/images/I/51B2dMwPJ5L.jpg,,6/2/2019 21:12,6/2/2019 21:12
94,The Great Minds and Ideas of All Time,"Durant, Will",0,TRUE,https://images-na.ssl-images-amazon.com/images/I/51yKACO8adL.jpg,,6/2/2019 21:12,6/2/2019 21:12
95,Mindset,"Dweck, Carol",0,TRUE,"https://images-na.ssl-images-amazon.com/images/I/417LU0cphCL._SX316_BO1,204,203,200_.jpg",,6/2/2019 21:12,6/2/2019 21:12
96,The Power of Intention,"Dyer, Wayne",0,TRUE,"https://images-na.ssl-images-amazon.com/images/I/51Rd7IR3fsL._SX329_BO1,204,203,200_.jpg",,6/2/2019 21:12,6/2/2019 21:12
97,Incognito,"Eagleman, David",0,TRUE,"https://images-na.ssl-images-amazon.com/images/I/41LyhPGxl9L._SX322_BO1,204,203,200_.jpg",,6/2/2019 21:12,6/2/2019 21:12
98,Secrets of the Millionaire Mind,"Eker, T. Harv",0,TRUE,https://images-na.ssl-images-amazon.com/images/I/81vYGLy7JPL.jpg,,6/2/2019 21:12,6/2/2019 21:12
99,The Sell,"Eklund, Fredrik",0,TRUE,"https://images-na.ssl-images-amazon.com/images/I/51MvSr57QXL._SX330_BO1,204,203,200_.jpg",,6/2/2019 21:12,6/2/2019 21:12
100,How Not to be Wrong,"Ellenberg, Jordan",0,TRUE,https://images-na.ssl-images-amazon.com/images/I/81HKXp4F6bL.jpg,,6/2/2019 21:12,6/2/2019 21:12
101,The Power of Eye Contact,"Ellsberg, Michael",0,TRUE,"https://images-na.ssl-images-amazon.com/images/I/51i7SeUV%2BYL._SX330_BO1,204,203,200_.jpg",,6/2/2019 21:12,6/2/2019 21:12
102,The Education of Millionaires,"Ellsberg, Michael",0,TRUE,https://images-na.ssl-images-amazon.com/images/I/81xrTTYh7nL.jpg,,6/2/2019 21:12,6/2/2019 21:12
103,Miracle Morning,"Elrod, Hal",0,TRUE,"https://images-na.ssl-images-amazon.com/images/I/41GPIof19sL._SX320_BO1,204,203,200_.jpg",,6/2/2019 21:12,6/2/2019 21:12
104,The Miracle Morning for RE Agents,"Elrod, Hal",0,TRUE,"https://images-na.ssl-images-amazon.com/images/I/51flHz1c7ML._SX322_BO1,204,203,200_.jpg",,6/2/2019 21:12,6/2/2019 21:12
105,Mindwise,"Epley, Nicholas",0,TRUE,"https://images-na.ssl-images-amazon.com/images/I/41SBUgapWpL._SX322_BO1,204,203,200_.jpg",,6/2/2019 21:12,6/2/2019 21:12
106,Alibaba's World,"Erisman, Porter",0,TRUE,https://images-na.ssl-images-amazon.com/images/I/51GGGvmuaVL.jpg,,6/2/2019 21:12,6/2/2019 21:12
107,Controlling People,"Evans, Patricia",0,TRUE,"https://images-na.ssl-images-amazon.com/images/I/51ohSJzNKKL._SX336_BO1,204,203,200_.jpg",,6/2/2019 21:12,6/2/2019 21:12
108,Hooked,"Eyal, Nir",0,TRUE,https://images-na.ssl-images-amazon.com/images/I/71iTueU1pBL.jpg,,6/2/2019 21:12,6/2/2019 21:12
109,Engineer Your Own Success,"Fasano, Anthony",0,TRUE,"https://images-na.ssl-images-amazon.com/images/I/51HXJjpf-ML._SX310_BO1,204,203,200_.jpg",,6/2/2019 21:12,6/2/2019 21:12
110,Job + Real Estate = Wealth,"Fernando, Francis",0,TRUE,"https://images-na.ssl-images-amazon.com/images/I/41VYgmtO8gL._SX326_BO1,204,203,200_.jpg",,6/2/2019 21:12,6/2/2019 21:12
111,Who's Got Your Back,"Ferrazzi, Keith",0,TRUE,https://images-na.ssl-images-amazon.com/images/I/812%2BEpSKyPL.jpg,,6/2/2019 21:12,6/2/2019 21:12
112,Never Eat Alone,"Ferrazzi, Keith",0,TRUE,https://images-na.ssl-images-amazon.com/images/I/81qODNqTJ5L.jpg,,6/2/2019 21:12,6/2/2019 21:12
113,The 4-Hour Body,"Ferriss, Tim",0,TRUE,https://images-na.ssl-images-amazon.com/images/I/714lEQaBT7L.jpg,,6/2/2019 21:12,6/2/2019 21:12
114,The 4-Hour Work Week,"Ferriss, Tim",0,TRUE,https://images-na.ssl-images-amazon.com/images/I/81qW97ndkvL.jpg,,6/2/2019 21:12,6/2/2019 21:12
115,Tools of Titans,"Ferriss, Tim",0,TRUE,https://images-na.ssl-images-amazon.com/images/I/71ljsFrHSwL.jpg,,6/2/2019 21:12,6/2/2019 21:12
116,How to Develop a Six Figure Income in Real Estate,"Ferry, Mike",0,TRUE,"https://images-na.ssl-images-amazon.com/images/I/51TME6nnw3L._SX325_BO1,204,203,200_.jpg",,6/2/2019 21:12,6/2/2019 21:12
117,Delusions of Gender,"Fine, Cordelia",0,TRUE,"https://images-na.ssl-images-amazon.com/images/I/41Z7CC33yiL._SX329_BO1,204,203,200_.jpg",,6/2/2019 21:12,6/2/2019 21:12
118,Beat the Crowd,"Fisher, Kenneth",0,TRUE,"https://images-na.ssl-images-amazon.com/images/I/510HuYZCLAL._SX333_BO1,204,203,200_.jpg",,6/2/2019 21:12,6/2/2019 21:12
119,Diet Cults,"Fitzgerald, Matt",0,TRUE,"https://images-na.ssl-images-amazon.com/images/I/41D%2BfOdH59L._SX331_BO1,204,203,200_.jpg",,6/2/2019 21:12,6/2/2019 21:12
120,Man's Search for Meaning,"Frankl, Viktor",0,TRUE,https://images-na.ssl-images-amazon.com/images/I/41s4xJZlEYL.jpg,,6/2/2019 21:12,6/2/2019 21:12
121,Nuts!,"Freiberg, Kevin",0,TRUE,"https://images-na.ssl-images-amazon.com/images/I/51SVZMNoeAL._SX331_BO1,204,203,200_.jpg",,6/2/2019 21:12,6/2/2019 21:12
122,The Interpretation of Dreams,"Freud, Sigmund",0,TRUE,"https://images-na.ssl-images-amazon.com/images/I/41vFaFBXl1L._SX327_BO1,204,203,200_.jpg",,6/2/2019 21:12,6/2/2019 21:12
123,Civilization and Its Discontents,"Freud, Sigmund",0,TRUE,"https://images-na.ssl-images-amazon.com/images/I/41yKQFlekAL._SX316_BO1,204,203,200_.jpg",,6/2/2019 21:12,6/2/2019 21:12
124,What Every Real Estate Investor Needs to Know About Cash Flow,"Gallinelli, Frank",0,TRUE,"https://images-na.ssl-images-amazon.com/images/I/51fTL6n23yL._SX331_BO1,204,203,200_.jpg",,6/2/2019 21:12,6/2/2019 21:12
125,Gandhi,"Gandhi, Mahatma",0,TRUE,https://www.mkgandhi.org/images/autobio-deluxe.jpg,,6/2/2019 21:12,6/2/2019 21:12
126,The Solution to Social Anxiety,"Gazipura, Aziz",0,TRUE,https://images-na.ssl-images-amazon.com/images/I/51cLbWtSUHL.jpg,,6/2/2019 21:12,6/2/2019 21:12
127,Tales From Both Sides of the Brain,"Gazzaniga, Michael",0,TRUE,"https://images-na.ssl-images-amazon.com/images/I/51pVe32Hn5L._SX330_BO1,204,203,200_.jpg",,6/2/2019 21:12,6/2/2019 21:12
128,The E-Myth Revisited,"Gerber, Michael",0,TRUE,"https://images-na.ssl-images-amazon.com/images/I/51MPu8oSjcL._SX330_BO1,204,203,200_.jpg",,6/2/2019 21:12,6/2/2019 21:12
129,How to Have Confidence and Power in Dealing with People,"Giblin, Les",0,TRUE,https://images-na.ssl-images-amazon.com/images/I/81b%2B3mJs3sL.jpg,,6/2/2019 21:12,6/2/2019 21:12
130,Manology,"Gibson, Tyrese",0,TRUE,"https://images-na.ssl-images-amazon.com/images/I/518CG6R7l%2BL._SX326_BO1,204,203,200_.jpg",,6/2/2019 21:12,6/2/2019 21:12
131,Stumbling Upon Happiness,"Gilbert, Daniel",0,TRUE,https://images-na.ssl-images-amazon.com/images/I/51OOOMK5tcL.jpg,,6/2/2019 21:12,6/2/2019 21:12
132,The Shyness Solution,"Gillet, Catherine",0,TRUE,https://images.gr-assets.com/books/1356033808l/17038052.jpg,,6/2/2019 21:12,6/2/2019 21:12
133,13 Essential Rules of Selling,"Girard, Joe",0,TRUE,https://images-na.ssl-images-amazon.com/images/I/51GulfJQD%2BL._AC_SY400_.jpg,,6/2/2019 21:12,6/2/2019 21:12
134,How to Sell Anything to Anybody,"Girard, Joe",0,TRUE,"https://images-na.ssl-images-amazon.com/images/I/41ZPi3ZadwL._SX324_BO1,204,203,200_.jpg",,6/2/2019 21:12,6/2/2019 21:12
135,How to Close Every Sale,"Girard, Joe",0,TRUE,"https://images-na.ssl-images-amazon.com/images/I/51ilJm7qwGL._SX320_BO1,204,203,200_.jpg",,6/2/2019 21:12,6/2/2019 21:12
136,How to Sell Yourself,"Girard, Joe",0,TRUE,"https://images-na.ssl-images-amazon.com/images/I/515Wy1qZ1vL._SX311_BO1,204,203,200_.jpg",,6/2/2019 21:12,6/2/2019 21:12
137,Things Hidden Since the Foundation of the World,"Girard, Rene",0,TRUE,https://images-na.ssl-images-amazon.com/images/I/31tT0lqFruL._AC_SY400_.jpg,,6/2/2019 21:12,6/2/2019 21:12
138,David and Goliath,"Gladwell, Malcolm",0,TRUE,"https://images-na.ssl-images-amazon.com/images/I/41hjTdanuNL._SX347_BO1,204,203,200_.jpg",,6/2/2019 21:12,6/2/2019 21:12
139,Outliers,"Gladwell, Malcolm",0,TRUE,https://images-na.ssl-images-amazon.com/images/I/71GLAwC9cPL.jpg,,6/2/2019 21:12,6/2/2019 21:12
140,Blink,"Gladwell, Malcolm",0,TRUE,https://www.hachettebookgroup.com/wp-content/uploads/2017/06/9780316011785.jpg?fit=419%2C675,,6/2/2019 21:12,6/2/2019 21:12
141,All Marketers Sell Stories,"Godin, Seth",0,TRUE,https://cdn-images-1.medium.com/max/1200/1*6PjUYeUZYoS-T41euqEF6w.jpeg,,6/2/2019 21:12,6/2/2019 21:12
142,The Dip,"Godin, Seth",0,TRUE,https://images-na.ssl-images-amazon.com/images/I/71DGKjYnTHL.jpg,,6/2/2019 21:12,6/2/2019 21:12
143,Permission Marketing,"Godin, Seth",0,TRUE,"https://images-na.ssl-images-amazon.com/images/I/51j2nwzlICL._SX363_BO1,204,203,200_.jpg",,6/2/2019 21:12,6/2/2019 21:12
144,Tribes,"Godin, Seth",0,TRUE,https://images-na.ssl-images-amazon.com/images/I/51JSMt7FEUL.jpg,,6/2/2019 21:12,6/2/2019 21:12
145,Too Much of a Good Thing,"Goldman, Lee",0,TRUE,"https://images-na.ssl-images-amazon.com/images/I/41BBYkaCOSL._SX321_BO1,204,203,200_.jpg",,6/2/2019 21:12,6/2/2019 21:12
146,The Goal,"Goldratt, Eliyahu",0,TRUE,"https://images-na.ssl-images-amazon.com/images/I/519C2Gz-v2L._SX334_BO1,204,203,200_.jpg",,6/2/2019 21:12,6/2/2019 21:12
147,What Got You Here Won't Get You There,"Goldsmith, Marshall",0,TRUE,https://images-na.ssl-images-amazon.com/images/I/51MCuRy4nTL.jpg,,6/2/2019 21:12,6/2/2019 21:12
148,Focus,"Goleman, Daniel",0,TRUE,https://images-na.ssl-images-amazon.com/images/I/41y2qwzfCrL.jpg,,6/2/2019 21:12,6/2/2019 21:12
149,Social Intelligence,"Goleman, Daniel",0,TRUE,"https://images-na.ssl-images-amazon.com/images/I/51AItLOqobL._SX316_BO1,204,203,200_.jpg",,6/2/2019 21:12,6/2/2019 21:12
150,Emotional Intelligence,"Goleman, Daniel",0,TRUE,https://images-na.ssl-images-amazon.com/images/I/81boBok4oJL.jpg,,6/2/2019 21:12,6/2/2019 21:12
151,The Intelligent Investor,"Graham, Benjamin",0,TRUE,"https://images-na.ssl-images-amazon.com/images/I/41lNILAEAfL._SX336_BO1,204,203,200_.jpg",,6/2/2019 21:12,6/2/2019 21:12
152,Give and Take,"Grant, Adam",0,TRUE,https://images-na.ssl-images-amazon.com/images/I/71qqCSyeLNL.jpg,,6/2/2019 21:12,6/2/2019 21:12
153,"Men Are From Mars, Women Are From Venus","Gray, John",0,TRUE,"https://images-na.ssl-images-amazon.com/images/I/51Kl0WsnSCL._SX330_BO1,204,203,200_.jpg",,6/2/2019 21:12,6/2/2019 21:12
154,The Art of Seduction,"Greene, Robert",0,TRUE,https://images-na.ssl-images-amazon.com/images/I/31BmwPwfaSL.jpg,,6/2/2019 21:12,6/2/2019 21:12
155,Mastery,"Greene, Robert",0,TRUE,https://images-na.ssl-images-amazon.com/images/I/71LRdEUOmNL.jpg,,6/2/2019 21:12,6/2/2019 21:12
156,The 48 Laws of Power,"Greene, Robert",0,TRUE,https://images-na.ssl-images-amazon.com/images/I/71aG%2BxDKSYL.jpg,,6/2/2019 21:12,6/2/2019 21:12
157,The 33 Strategies of War,"Greene, Robert",0,TRUE,https://images-na.ssl-images-amazon.com/images/I/71tuKJpqUBL.jpg,,6/2/2019 21:12,6/2/2019 21:12
158,The Map and the Territory 2.0,"Greenspan, Alan",0,TRUE,"https://images-na.ssl-images-amazon.com/images/I/51rrqXBCTHL._SX331_BO1,204,203,200_.jpg",,6/2/2019 21:12,6/2/2019 21:12
159,How to Not Die,"Greger, Michael",0,TRUE,https://images-na.ssl-images-amazon.com/images/I/81RvGjUWqlL.jpg,,6/2/2019 21:12,6/2/2019 21:12
160,Relentless,"Grover, Tim",0,TRUE,https://images-na.ssl-images-amazon.com/images/I/71erggj8pSL.jpg,,6/2/2019 21:12,6/2/2019 21:12
161,The Happiness Hypothesis,"Haidt, Jonathan",0,TRUE,"https://images-na.ssl-images-amazon.com/images/I/41J3FYTLTYL._SX331_BO1,204,203,200_.jpg",,6/2/2019 21:12,6/2/2019 21:12
162,Malcolm X,"Haley, Alex",0,TRUE,https://images-na.ssl-images-amazon.com/images/I/81kQBRCqt-L.jpg,,6/2/2019 21:12,6/2/2019 21:12
163,Attracting Perfect Customers,"Hall, Stacey",0,TRUE,"https://images-na.ssl-images-amazon.com/images/I/51NbSWjPD1L._SX329_BO1,204,203,200_.jpg",,6/2/2019 21:12,6/2/2019 21:12
164,No One Understands You and What to Do About It,"Halvorson, Heidi Grant",0,TRUE,https://images-na.ssl-images-amazon.com/images/I/51%2BM9kUqazL.jpg,,6/2/2019 21:12,6/2/2019 21:12
165,Growth of the Soil,"Hamsun, Knut",0,TRUE,https://images.gr-assets.com/books/1420733175l/342049.jpg,,6/2/2019 21:12,6/2/2019 21:12
166,The One Minute Millionaire,"Hansen, Mark Victor",0,TRUE,"https://images-na.ssl-images-amazon.com/images/I/51bDgJtCvwL._SX329_BO1,204,203,200_.jpg",,6/2/2019 21:12,6/2/2019 21:12
167,Sapiens,"Harari, Yuval Noah",0,TRUE,https://images-na.ssl-images-amazon.com/images/I/41%2BlolL22gL.jpg,,6/2/2019 21:12,6/2/2019 21:12
168,Scaling Up,"Harnish, Verne",0,TRUE,"https://images-na.ssl-images-amazon.com/images/I/51qR%2BClWEaL._SX372_BO1,204,203,200_.jpg",,6/2/2019 21:12,6/2/2019 21:12
169,Being Sober,"Haroutunian, Harry",0,TRUE,https://images-na.ssl-images-amazon.com/images/I/81CD1YdWV2L.jpg,,6/2/2019 21:12,6/2/2019 21:12
170,Free Will,"Harris, Sam",0,TRUE,https://images-na.ssl-images-amazon.com/images/I/71zK%2B7zrhKL.jpg,,6/2/2019 21:12,6/2/2019 21:12
171,HBR's Must Reads 2016,Harvard Business Review,0,TRUE,"https://images-na.ssl-images-amazon.com/images/I/71LmYOl17FL.__BG0,0,0,0_FMpng_AC_UL320_SR210,320_.jpg",,6/2/2019 21:12,6/2/2019 21:12
172,A Brief History of Time,"Hawking, Stephen",0,TRUE,https://images-na.ssl-images-amazon.com/images/I/A1xkFZX5k-L.jpg,,6/2/2019 21:12,6/2/2019 21:12
173,Power vs. Force,"Hawkins, David",0,TRUE,https://images-na.ssl-images-amazon.com/images/I/61MU10fXoML.jpg,,6/2/2019 21:12,6/2/2019 21:12
174,Letting Go,"Hawkins, David",0,TRUE,"https://images-na.ssl-images-amazon.com/images/I/414VT-sSCzL._SX319_BO1,204,203,200_.jpg",,6/2/2019 21:12,6/2/2019 21:12
175,Think Big Act Bigger,"Hayzlett, Jeffrey",0,TRUE,https://images-na.ssl-images-amazon.com/images/I/81PTEIC8LGL.jpg,,6/2/2019 21:12,6/2/2019 21:12
176,Made to Stick,"Heath, Chip & Dan",0,TRUE,https://images-na.ssl-images-amazon.com/images/I/818KHQZAl0L.jpg,,6/2/2019 21:12,6/2/2019 21:12
177,Switch,"Heath, Chip & Dan",0,TRUE,"https://images-na.ssl-images-amazon.com/images/I/41pfm3UZ7ZL._SX346_BO1,204,203,200_.jpg",,6/2/2019 21:12,6/2/2019 21:12
178,Thank You for Arguing,"Heinrichs, Jay",0,TRUE,"https://images-na.ssl-images-amazon.com/images/I/51rMhDU45nL._SX328_BO1,204,203,200_.jpg",,6/2/2019 21:12,6/2/2019 21:12
179,Healthy Selfishness,"Heller, Rachael",0,TRUE,"https://images-na.ssl-images-amazon.com/images/I/515G02RZP2L._SX331_BO1,204,203,200_.jpg",,6/2/2019 21:12,6/2/2019 21:12
180,Blackout,"Hepola, Sarah",0,TRUE,https://images-na.ssl-images-amazon.com/images/I/51a4tcVNbtL.jpg,,6/2/2019 21:12,6/2/2019 21:12
181,Siddhartha,"Hesse, Herman",0,TRUE,https://images-na.ssl-images-amazon.com/images/I/71o4Wi1CRsL.jpg,,6/2/2019 21:12,6/2/2019 21:12
182,Demian,"Hesse, Herman",0,TRUE,https://images-na.ssl-images-amazon.com/images/I/71N7R%2Bu8AKL.jpg,,6/2/2019 21:12,6/2/2019 21:12
183,Guide to Contemporary New York City Architecture,"Hill, John",0,TRUE,https://images-na.ssl-images-amazon.com/images/I/81EUY%2BZtK-L.jpg,,6/2/2019 21:12,6/2/2019 21:12
184,Think and Grow Rich,"Hill, Napoleon",0,TRUE,"https://images-na.ssl-images-amazon.com/images/I/61y04z8SKEL._SX349_BO1,204,203,200_.jpg",,6/2/2019 21:12,6/2/2019 21:12
185,The Outsiders,"Hinton, S.E. ",0,TRUE,https://images.gr-assets.com/books/1442129426l/231804.jpg,,6/2/2019 21:12,6/2/2019 21:12
186,Growth Hacker Marketing,"Holiday, Ryan",0,TRUE,https://images-na.ssl-images-amazon.com/images/I/61uvLIKBdwL.jpg,,6/2/2019 21:12,6/2/2019 21:12
187,Ego is the Enemy,"Holiday, Ryan",0,TRUE,https://images-na.ssl-images-amazon.com/images/I/81izoHQypIL.jpg,,6/2/2019 21:12,6/2/2019 21:12
188,How to Master the Art of Selling,"Hopkins, Tom",0,TRUE,https://images-na.ssl-images-amazon.com/images/I/710zhxwl4tL.jpg,,6/2/2019 21:12,6/2/2019 21:12
189,The Big Picture,"Horton, Tony",0,TRUE,https://images-na.ssl-images-amazon.com/images/I/61PIoLVvScL.jpg,,6/2/2019 21:12,6/2/2019 21:12
190,Mentalism - the Truth About Mentalism Magic,"Hulse, Julian",0,TRUE,https://images-na.ssl-images-amazon.com/images/I/5192vVC1aJL.jpg,,6/2/2019 21:12,6/2/2019 21:12
191,"Speak Like Churchill, Stand Like Lincoln","Humes, J.C.",0,TRUE,https://images-na.ssl-images-amazon.com/images/I/71D0V9XFMBL.jpg,,6/2/2019 21:12,6/2/2019 21:12
192,The UltraMind Solution,"Hyman, Mark",0,TRUE,"https://images-na.ssl-images-amazon.com/images/I/511RCPI7NEL._SX323_BO1,204,203,200_.jpg",,6/2/2019 21:12,6/2/2019 21:12
193,10-Day Detox Diet - the Blood Sugar Solution,"Hyman, Mark",0,TRUE,https://images-na.ssl-images-amazon.com/images/I/81EOS93eBfL.jpg,,6/2/2019 21:12,6/2/2019 21:12
194,Iacocca,"Iacocca, Lee",0,TRUE,"https://images-na.ssl-images-amazon.com/images/I/51Nw7HNSWvL._SX302_BO1,204,203,200_.jpg",,6/2/2019 21:12,6/2/2019 21:12
195,Steve Jobs,"Isaacson, Walter",0,TRUE,https://images-na.ssl-images-amazon.com/images/I/81VStYnDGrL.jpg,,6/2/2019 21:12,6/2/2019 21:12
196,Rejection Proof,"Jiang, Jia",0,TRUE,https://cdn2.penguin.com.au/covers/original/9781847941459.jpg,,6/2/2019 21:12,6/2/2019 21:12
197,Hunch,"Jiwa, Bernadette",0,TRUE,"https://images-na.ssl-images-amazon.com/images/I/51UqSfBhNCL._SX355_BO1,204,203,200_.jpg",,6/2/2019 21:12,6/2/2019 21:12
198,The Power of Broke,"John, Daymond",0,TRUE,https://images-na.ssl-images-amazon.com/images/I/51IyB4ClXTL.jpg,,6/2/2019 21:12,6/2/2019 21:12
199,Where Good Ideas Come From,"Johnson, Steven",0,TRUE,"https://images-na.ssl-images-amazon.com/images/I/41bX8awdqUL._SX331_BO1,204,203,200_.jpg",,6/2/2019 21:12,6/2/2019 21:12
200,"Memories, Dreams, Reflections","Jung, C.G.",0,TRUE,https://images-na.ssl-images-amazon.com/images/I/91ep1%2B32LiL.jpg,,6/2/2019 21:12,6/2/2019 21:12
201,Thinking Fast and Slow,"Kahneman, Daniel",0,TRUE,"https://images-na.ssl-images-amazon.com/images/I/41RtytNpsfL._SX332_BO1,204,203,200_.jpg",,6/2/2019 21:12,6/2/2019 21:12
202,The Luxury Strategy,"Kapferer, J.N.",0,TRUE,"https://images-na.ssl-images-amazon.com/images/I/41fmXkaDn7L._AC_UL320_SR214,320_.jpg",,6/2/2019 21:12,6/2/2019 21:12
203,The Art of Social Media,"Kawasaki, Guy",0,TRUE,https://images-na.ssl-images-amazon.com/images/I/71X7abSJOuL.jpg,,6/2/2019 21:12,6/2/2019 21:12
204,Other People's Money,"Kay, John",0,TRUE,https://images-na.ssl-images-amazon.com/images/I/41gNRbseOLL.jpg,,6/2/2019 21:12,6/2/2019 21:12
205,The Millionaire Real Estate Investor,"Keller, Gary",0,TRUE,https://images-na.ssl-images-amazon.com/images/I/71vzlF5GgJL.jpg,,6/2/2019 21:12,6/2/2019 21:12
206,The One Thing,"Keller, Gary",0,TRUE,https://images-na.ssl-images-amazon.com/images/I/51fs1YC1VNL.jpg,,6/2/2019 21:12,6/2/2019 21:12
207,The Millionaire Real Estate Agent,"Keller, Gary",0,TRUE,"https://images-na.ssl-images-amazon.com/images/I/41trym4nWDL._SX346_BO1,204,203,200_.jpg",,6/2/2019 21:12,6/2/2019 21:12
208,Shift,"Keller, Gary",0,TRUE,"https://images-na.ssl-images-amazon.com/images/I/51h2rUYY3FL._SX258_BO1,204,203,200_.jpg",,6/2/2019 21:12,6/2/2019 21:12
209,The Art of People,"Kerpen, Dave",0,TRUE,https://images-na.ssl-images-amazon.com/images/I/815H4j9nOxL.jpg,,6/2/2019 21:12,6/2/2019 21:12
210,The Keys,"Khaled, DJ",0,TRUE,"https://images-na.ssl-images-amazon.com/images/I/51yxtfRDEIL._SX352_BO1,204,203,200_.jpg",,6/2/2019 21:12,6/2/2019 21:12
211,Psychopath Whisperer,"Kiehl, Kent",0,TRUE,https://images-na.ssl-images-amazon.com/images/I/81WDI6nrB5L.jpg,,6/2/2019 21:12,6/2/2019 21:12
212,When Good People Have Affairs,"Kirshenbaum, Mira",0,TRUE,https://images-na.ssl-images-amazon.com/images/I/719smx7jJsL.jpg,,6/2/2019 21:12,6/2/2019 21:12
213,Rich Dad's Guide to Investing,"Kiyosaki, Robert",0,TRUE,https://images-na.ssl-images-amazon.com/images/I/51z8YFGmi3L.jpg,,6/2/2019 21:12,6/2/2019 21:12
214,Rich Dad's Before You Quit Your Job,"Kiyosaki, Robert",0,TRUE,"https://images-na.ssl-images-amazon.com/images/I/51Gh3U61o%2BL._SX331_BO1,204,203,200_.jpg",,6/2/2019 21:12,6/2/2019 21:12
215,Rich Dad Poor Dad,"Kiyosaki, Robert",0,TRUE,https://images-na.ssl-images-amazon.com/images/I/51ocbzYsk4L.jpg,,6/2/2019 21:12,6/2/2019 21:12
216,Pitch Anything,"Klaff, Oreon",0,TRUE,"https://images-na.ssl-images-amazon.com/images/I/51e8Wwgi%2BYL._SX346_BO1,204,203,200_.jpg",,6/2/2019 21:12,6/2/2019 21:12
217,Seeing What Others Don't,"Klein, Gary",0,TRUE,"https://images-na.ssl-images-amazon.com/images/I/51V7UIQM3BL._SX332_BO1,204,203,200_.jpg",,6/2/2019 21:12,6/2/2019 21:12
218,Shoe Dog,"Knight, Phil",0,TRUE,https://images-na.ssl-images-amazon.com/images/I/71KkAKYWcuL.jpg,,6/2/2019 21:12,6/2/2019 21:12
219,The Exceptional Presenter,"Koegel, Tim",0,TRUE,"https://images-na.ssl-images-amazon.com/images/I/41-N-DAu06L._SX324_BO1,204,203,200_.jpg",,6/2/2019 21:12,6/2/2019 21:12
220,Publish and Profit,"Koenigs, Mike",0,TRUE,https://images.gr-assets.com/books/1421522616l/23317841.jpg,,6/2/2019 21:12,6/2/2019 21:12
221,The Monk and the Riddle,"Komisar, Randy",0,TRUE,"https://images-na.ssl-images-amazon.com/images/I/41M-fsQylrL._SX328_BO1,204,203,200_.jpg",,6/2/2019 21:12,6/2/2019 21:12
222,The Decision Book,"Krogerus, Mikael",0,TRUE,"https://images-na.ssl-images-amazon.com/images/I/41WwzC7-XgL._SX308_BO1,204,203,200_.jpg",,6/2/2019 21:12,6/2/2019 21:12
223,Playing to Win,"Lafley, A.G.",0,TRUE,https://images-na.ssl-images-amazon.com/images/I/51VsfoIFiKL.jpg,,6/2/2019 21:12,6/2/2019 21:12
224,How to Speak Money,"Lanchester, John",0,TRUE,"https://images-na.ssl-images-amazon.com/images/I/51UtgKwd-BL._SX331_BO1,204,203,200_.jpg",,6/2/2019 21:12,6/2/2019 21:12
225,Market Like You Mean It,"Lautenslager, Al",0,TRUE,https://images-na.ssl-images-amazon.com/images/I/51c8-bvtd9L.jpg,,6/2/2019 21:12,6/2/2019 21:12
226,Michael Jordan - the Life,"Lazenby, Roland",0,TRUE,https://images-na.ssl-images-amazon.com/images/I/61bRmDQG3fL.jpg,,6/2/2019 21:12,6/2/2019 21:12
227,Anxious,"LeDoux, Joseph",0,TRUE,https://images.gr-assets.com/books/1414348423l/23398722.jpg,,6/2/2019 21:12,6/2/2019 21:12
228,The Emotional Brain,"LeDoux, Joseph",0,TRUE,https://images.gr-assets.com/books/1348557712l/780672.jpg,,6/2/2019 21:12,6/2/2019 21:12
229,The Wealth Dragon Way,"Lee, John",0,TRUE,"https://images-na.ssl-images-amazon.com/images/I/41Wxx1HhGYL._SX331_BO1,204,203,200_.jpg",,6/2/2019 21:12,6/2/2019 21:12
230,The Five Dysfunctions of a Team,"Lencioni, Patrick",0,TRUE,https://images-na.ssl-images-amazon.com/images/I/51QArmq8raL.jpg,,6/2/2019 21:12,6/2/2019 21:12
231,Fear and Other Uninvited Guests,"Lerner, Harriet",0,TRUE,"https://images-na.ssl-images-amazon.com/images/I/5106l4gA9%2BL._SX328_BO1,204,203,200_.jpg",,6/2/2019 21:12,6/2/2019 21:12
232,Attached,"Levine, Amir",0,TRUE,"https://images-na.ssl-images-amazon.com/images/I/41jqaseWDkL._SX331_BO1,204,203,200_.jpg",,6/2/2019 21:12,6/2/2019 21:12
233,Freudian Slips,"Levy, Joel",0,TRUE,https://images.gr-assets.com/books/1382198935l/18688863.jpg,,6/2/2019 21:12,6/2/2019 21:12
234,Liar's Poker,"Lewis, Michael",0,TRUE,"https://images-na.ssl-images-amazon.com/images/I/51LFUZmaFaL._SX331_BO1,204,203,200_.jpg",,6/2/2019 21:12,6/2/2019 21:12
235,Flash Boys,"Lewis, Michael",0,TRUE,https://images-na.ssl-images-amazon.com/images/I/41C3LHEK5TL.jpg,,6/2/2019 21:12,6/2/2019 21:12
236,Get Anyone to Do Anything,"Lieberman, David",0,TRUE,https://images-na.ssl-images-amazon.com/images/I/71LLpGTaImL.jpg,,6/2/2019 21:12,6/2/2019 21:12
237,Social,"Lieberman, Matthew",0,TRUE,https://images-na.ssl-images-amazon.com/images/I/71pD5D7r2DL.jpg,,6/2/2019 21:12,6/2/2019 21:12
238,Buyology,"Lindstrom, Martin",0,TRUE,https://images-na.ssl-images-amazon.com/images/I/71QaLL6z%2B5L.jpg,,6/2/2019 21:12,6/2/2019 21:12
239,After Every Wedding Comes a Marriage,"Littauer, Florence",0,TRUE,"https://images-na.ssl-images-amazon.com/images/I/51PEH7KT2VL._SX314_BO1,204,203,200_.jpg",,6/2/2019 21:12,6/2/2019 21:12
240,How to Talk to Anyone,"Lowndes, Leil",0,TRUE,"https://images-na.ssl-images-amazon.com/images/I/41mLc1QIl9L._SX331_BO1,204,203,200_.jpg",,6/2/2019 21:12,6/2/2019 21:12
241,The Prince,"Machiavelli, Niccolo",0,TRUE,"https://images-na.ssl-images-amazon.com/images/I/4117w9ptZnL._SX331_BO1,204,203,200_.jpg",,6/2/2019 21:12,6/2/2019 21:12
242,The Prince,"Machiavelli, Niccolo",0,TRUE,"https://images-na.ssl-images-amazon.com/images/I/4117w9ptZnL._SX331_BO1,204,203,200_.jpg",,6/2/2019 21:12,6/2/2019 21:12
243,The Harvey Mackay Network Builder,"MacKay, Harvey",0,TRUE,"https://images-na.ssl-images-amazon.com/images/I/51SSR1TRZpL._SX308_BO1,204,203,200_.jpg",,6/2/2019 21:12,6/2/2019 21:12
244,Applied Minds,"Madhavan, Guru",0,TRUE,"https://images-na.ssl-images-amazon.com/images/I/51yfNIs4OtL._SX330_BO1,204,203,200_.jpg",,6/2/2019 21:12,6/2/2019 21:12
245,The Trusted Advisor,"Maister, David",0,TRUE,https://images-na.ssl-images-amazon.com/images/I/81mG4%2BAUHkL.jpg,,6/2/2019 21:12,6/2/2019 21:12
246,A Random Walk Down Wall Street,"Malkiel, Burton",0,TRUE,"https://images-na.ssl-images-amazon.com/images/I/81C0ZbPfjuL._AC_UL320_SR210,320_.jpg",,6/2/2019 21:12,6/2/2019 21:12
247,Rethinking Narcissism,"Malkin, Craig",0,TRUE,https://i.harperapps.com/covers/9780062348104/x510.jpg,,6/2/2019 21:12,6/2/2019 21:12
248,Psychocybernetics,"Maltz, Maxwell",0,TRUE,https://static1.squarespace.com/static/585c5b5a9de4bb6fe48becb4/t/58618b9e3e00be46605fef81/1482787747438/,,6/2/2019 21:12,6/2/2019 21:12
249,The Art of Mingling,"Martinet, Jeanne",0,TRUE,"https://images-na.ssl-images-amazon.com/images/I/51nlGuLpxGL._SX321_BO1,204,203,200_.jpg",,6/2/2019 21:12,6/2/2019 21:12
250,Chaos Monkeys,"Martinez, Antonio G.",0,TRUE,https://images-na.ssl-images-amazon.com/images/I/51FAKHDS4WL.jpg,,6/2/2019 21:12,6/2/2019 21:12
251,The Meaning of Anxiety,"May, Rollo",0,TRUE,,,6/2/2019 21:12,6/2/2019 21:12
252,What They Don't Teach You at Harvard Business School,"McCormack, Mark",0,TRUE,,,6/2/2019 21:12,6/2/2019 21:12
253,Five Easy Decades,"McDougal, Dennis",0,TRUE,,,6/2/2019 21:12,6/2/2019 21:12
254,The ABCs of Real Estate Investing,"McElroy, Ken",0,TRUE,,,6/2/2019 21:12,6/2/2019 21:12
255,The ABCs of Real Estate Investing,"McElroy, Ken",0,TRUE,,,6/2/2019 21:12,6/2/2019 21:12
256,Pitch Perfect,"McGowan, Bill",0,TRUE,,,6/2/2019 21:12,6/2/2019 21:12
257,I Can Make You Confident,"McKenna, Paul",0,TRUE,,,6/2/2019 21:12,6/2/2019 21:12
258,The Real Estate Wholesaling Bible,"Merrill, Than",0,TRUE,,,6/2/2019 21:12,6/2/2019 21:12
259,Thinkertoys,"Michalko, Michael",0,TRUE,,,6/2/2019 21:12,6/2/2019 21:12
260,The Secret to Winning Big,"Miller, Nate",0,TRUE,,,6/2/2019 21:12,6/2/2019 21:12
261,The Drunkard's Walk - How Randomness Rules Our Lives,"Mlodinow, Leonard",0,TRUE,,,6/2/2019 21:12,6/2/2019 21:12
262,Inheritance,"Moalem, Sharon",0,TRUE,,,6/2/2019 21:12,6/2/2019 21:12
263,The 12 Week Year,"Moran, Brian",0,TRUE,,,6/2/2019 21:12,6/2/2019 21:12
264,The 16% Solution,"Moskowitz, Joel",0,TRUE,,,6/2/2019 21:12,6/2/2019 21:12
265,Mother Teresa,Mother Teresa,0,TRUE,,,6/2/2019 21:12,6/2/2019 21:12
266,The Accounting Game,"Mullis, Darrell",0,TRUE,,,6/2/2019 21:12,6/2/2019 21:12
267,Kafka On the Shore,"Murakami, Haruki",0,TRUE,,,6/2/2019 21:12,6/2/2019 21:12
268,The New Tsar,"Myers, Steven Lee",0,TRUE,,,6/2/2019 21:12,6/2/2019 21:12
269,The Mystery Method,Mystery,0,TRUE,,,6/2/2019 21:12,6/2/2019 21:12
270,What Every Body is Saying,"Navarro, Joe",0,TRUE,,,6/2/2019 21:12,6/2/2019 21:12
271,Self-Compassion,"Neff, Kristin",0,TRUE,,,6/2/2019 21:12,6/2/2019 21:12
272,Compelling People,"Neffinger, Joe",0,TRUE,,,6/2/2019 21:12,6/2/2019 21:12
273,Words Can Change Your Brain,"Newberg, Andrew",0,TRUE,,,6/2/2019 21:12,6/2/2019 21:12
274,So Good They Can't Ignore You,"Newport, Cal",0,TRUE,,,6/2/2019 21:12,6/2/2019 21:12
275,The System Builder,"Nguyen, Xuan",0,TRUE,,,6/2/2019 21:12,6/2/2019 21:12
276,Building People,"Nguyen, Xuan",0,TRUE,,,6/2/2019 21:12,6/2/2019 21:12
277,Thus Speaks Zarathustra,"Nietzsche, Friedrich",0,TRUE,,,6/2/2019 21:12,6/2/2019 21:12
278,Man Alone with Himself,"Nietzsche, Friedrich",0,TRUE,,,6/2/2019 21:12,6/2/2019 21:12
279,My System,"Nimzowitsch, Aron",0,TRUE,,,6/2/2019 21:12,6/2/2019 21:12
280,Chess Praxis,"Nimzowitsch, Aron",0,TRUE,,,6/2/2019 21:12,6/2/2019 21:12
281,The Design of Everyday Things,"Norman, Don",0,TRUE,,,6/2/2019 21:12,6/2/2019 21:12
282,Speak More!,NSA,0,TRUE,,,6/2/2019 21:12,6/2/2019 21:12
283,Paid to Speak,NSA,0,TRUE,,,6/2/2019 21:12,6/2/2019 21:12
284,Introducing NLP,"O'Connor, Joseph",0,TRUE,,,6/2/2019 21:12,6/2/2019 21:12
285,Rewire,"O'Connor, Richard",0,TRUE,,,6/2/2019 21:12,6/2/2019 21:12
286,A Billion Wicked Thoughts,"Ogas, Ogi",0,TRUE,,,6/2/2019 21:12,6/2/2019 21:12
287,The Slight Edge,"Olson, Jeff",0,TRUE,,,6/2/2019 21:12,6/2/2019 21:12
288,Crazy Rich,"Oppenheimer, Jerry",0,TRUE,,,6/2/2019 21:12,6/2/2019 21:12
289,Common Sense,"Paine, Thomas",0,TRUE,,,6/2/2019 21:12,6/2/2019 21:12
290,Annoying,"Palca, Joe",0,TRUE,,,6/2/2019 21:12,6/2/2019 21:12
291,F**k It - Do What You Love,"Parkin, John",0,TRUE,,,6/2/2019 21:12,6/2/2019 21:12
292,What I Learned Losing a Million Dollars,"Paul, Jim",0,TRUE,,,6/2/2019 21:12,6/2/2019 21:12
293,Personal Development for Smart People,"Pavlina, Steve",0,TRUE,,,6/2/2019 21:12,6/2/2019 21:12
294,Body Language,"Pease, Barbara",0,TRUE,,,6/2/2019 21:12,6/2/2019 21:12
295,The New Comedy Writing,"Perret, Gene",0,TRUE,,,6/2/2019 21:12,6/2/2019 21:12
296,Lincoln on Leadership,"Phillips, Donald",0,TRUE,,,6/2/2019 21:12,6/2/2019 21:12
297,Drive,"Pink, Daniel",0,TRUE,,,6/2/2019 21:12,6/2/2019 21:12
298,How the Mind Works,"Pinker, Steven",0,TRUE,,,6/2/2019 21:12,6/2/2019 21:12
299,The Blank Slate,"Pinker, Steven",0,TRUE,,,6/2/2019 21:12,6/2/2019 21:12
300,Republic,Plato,0,TRUE,,,6/2/2019 21:12,6/2/2019 21:12
301,Healing the Angry Brain,"Potter-Efron, Ronald",0,TRUE,,,6/2/2019 21:12,6/2/2019 21:12
302,Are You Smart Enough to Work at Google?,"Poundstone, William",0,TRUE,,,6/2/2019 21:12,6/2/2019 21:12
303,The War of Art,"Pressfield, Steven",0,TRUE,,,6/2/2019 21:12,6/2/2019 21:12
304,Real Estate Investing Gone Bad,"Pustejovsky, Phil",0,TRUE,,,6/2/2019 21:12,6/2/2019 21:12
305,How to Be a Real Estate Investor,"Pustejovsky, Phil",0,TRUE,,,6/2/2019 21:12,6/2/2019 21:12
306,Spin Selling,"Rackham, Neil",0,TRUE,,,6/2/2019 21:12,6/2/2019 21:12
307,Windswept,"Rakunas, Adam",0,TRUE,,,6/2/2019 21:12,6/2/2019 21:12
308,The Fountainhead,"Rand, Ayn",0,TRUE,,,6/2/2019 21:12,6/2/2019 21:12
309,Introduction to Mentalism,"Redder, Thomas",0,TRUE,,,6/2/2019 21:12,6/2/2019 21:12
310,The New Case for Gold,"Rickards, James",0,TRUE,,,6/2/2019 21:12,6/2/2019 21:12
311,Positioning: The Battle for Your Mind,"Ries, Al",0,TRUE,,,6/2/2019 21:12,6/2/2019 21:12
312,The 22 Immutable Laws of Marketing,"Ries, Al",0,TRUE,,,6/2/2019 21:12,6/2/2019 21:12
313,Awaken the Giant Within,"Robbins, Tony",0,TRUE,,,6/2/2019 21:12,6/2/2019 21:12
314,Unlimited Power,"Robbins, Tony",0,TRUE,,,6/2/2019 21:12,6/2/2019 21:12
315,Money,"Robbins, Tony",0,TRUE,,,6/2/2019 21:12,6/2/2019 21:12
316,How to Be a Power Connector,"Robinett, Judy",0,TRUE,,,6/2/2019 21:12,6/2/2019 21:12
317,The Element,"Robinson, Ken",0,TRUE,,,6/2/2019 21:12,6/2/2019 21:12
318,Look Me in the Eye,"Robison, John Elder",0,TRUE,,,6/2/2019 21:12,6/2/2019 21:12
319,How to Catch a Roadrunner,"Rock, Neil",0,TRUE,,,6/2/2019 21:12,6/2/2019 21:12
320,Trump Strategies for Real Estate,"Ross, George",0,TRUE,,,6/2/2019 21:12,6/2/2019 21:12
321,My Fight/Your Fight,"Rousey, Ronda",0,TRUE,,,6/2/2019 21:12,6/2/2019 21:12
322,Full Facts Book of Cold Reading,"Rowland, Ian",0,TRUE,,,6/2/2019 21:12,6/2/2019 21:12
323,The Last of the Doughboys,"Rubin, Richard",0,TRUE,,,6/2/2019 21:12,6/2/2019 21:12
324,The History of Western Philosophy,"Russell, Bertrand",0,TRUE,,,6/2/2019 21:12,6/2/2019 21:12
325,Sex at Dawn,"Ryan, Christopher",0,TRUE,,,6/2/2019 21:12,6/2/2019 21:12
326,How to Write a Great Business Plan,"Sahlman, William",0,TRUE,,,6/2/2019 21:12,6/2/2019 21:12
327,Outsider in the White House,"Sanders, Bernie",0,TRUE,,,6/2/2019 21:12,6/2/2019 21:12
328,Dealstorming,"Sanders, Tim",0,TRUE,,,6/2/2019 21:12,6/2/2019 21:12
329,The Snowball,"Schroeder, Alice",0,TRUE,,,6/2/2019 21:12,6/2/2019 21:12
330,Onward,"Schultz, Howard",0,TRUE,,,6/2/2019 21:12,6/2/2019 21:12
331,The Paradox of Choice,"Schwartz, Barry",0,TRUE,,,6/2/2019 21:12,6/2/2019 21:12
332,The Magic of Thinking Big,"Schwartz, David",0,TRUE,,,6/2/2019 21:12,6/2/2019 21:12
333,Total Recall,"Schwarzenegger, Arnold",0,TRUE,,,6/2/2019 21:12,6/2/2019 21:12
334,Coined,"Sehgal, Kasbir",0,TRUE,,,6/2/2019 21:12,6/2/2019 21:12
335,Learned Optimism,"Seligman, Martin",0,TRUE,,,6/2/2019 21:12,6/2/2019 21:12
336,On the Shortness of Life,Seneca,0,TRUE,,,6/2/2019 21:12,6/2/2019 21:12
337,I Will Teach You to Be Rich,"Sethi, Ramit",0,TRUE,,,6/2/2019 21:12,6/2/2019 21:12
338,The Signal and the Noise,"Silver, Nate",0,TRUE,,,6/2/2019 21:12,6/2/2019 21:12
339,You Are a Badass,"Sincero, Jen",0,TRUE,,,6/2/2019 21:12,6/2/2019 21:12
340,Start With Why,"Sinek, Simon",0,TRUE,,,6/2/2019 21:12,6/2/2019 21:12
341,Together is Better,"Sinek, Simon",0,TRUE,,,6/2/2019 21:12,6/2/2019 21:12
342,The Wealth of Nations,"Smith, Adam",0,TRUE,,,6/2/2019 21:12,6/2/2019 21:12
343,Power Questions,"Sobel, Andrew",0,TRUE,,,6/2/2019 21:12,6/2/2019 21:12
344,A Beginner's Guide to Meditation,"Sperry, Rod Meade",0,TRUE,,,6/2/2019 21:12,6/2/2019 21:12
345,The Millionaire Next Door,"Stanley, Thomas",0,TRUE,,,6/2/2019 21:12,6/2/2019 21:12
346,Networking with the Affluent,"Stanley, Thomas",0,TRUE,,,6/2/2019 21:12,6/2/2019 21:12
347,The Only Negotiating Guide You'll Ever Need,"Stark, Peter",0,TRUE,,,6/2/2019 21:12,6/2/2019 21:12
348,Successful Intelligence,"Sternberg, Robert",0,TRUE,,,6/2/2019 21:12,6/2/2019 21:12
349,My Age of Anxiety,"Stossel, Scott",0,TRUE,,,6/2/2019 21:12,6/2/2019 21:12
350,The Game,"Strauss, Neil",0,TRUE,,,6/2/2019 21:12,6/2/2019 21:12
351,The Fourth Turning,"Strauss, William",0,TRUE,,,6/2/2019 21:12,6/2/2019 21:12
352,Synchronicity,"Surprise, Kirby",0,TRUE,,,6/2/2019 21:12,6/2/2019 21:12
353,Start Your Own Corporation,"Sutton, Garrett",0,TRUE,,,6/2/2019 21:12,6/2/2019 21:12
354,The No Asshole Rule,"Sutton, Robert",0,TRUE,,,6/2/2019 21:12,6/2/2019 21:12
355,Corporate Finance for Dummies,"Taillard, Michael",0,TRUE,,,6/2/2019 21:12,6/2/2019 21:12
356,Oh Myyy!,"Takei, George",0,TRUE,,,6/2/2019 21:12,6/2/2019 21:12
357,Fooled by Randomness,"Taleb, Nassim Nicholas",0,TRUE,,,6/2/2019 21:12,6/2/2019 21:12
358,The Rules of Wealth,"Templar, Richard",0,TRUE,,,6/2/2019 21:12,6/2/2019 21:12
359,Nudge,"Thaler, Richard",0,TRUE,,,6/2/2019 21:12,6/2/2019 21:12
360,Zero to One,"Thiel, Peter",0,TRUE,,,6/2/2019 21:12,6/2/2019 21:12
361,How to Think Like Einstein,"Thorpe, Scott",0,TRUE,,,6/2/2019 21:12,6/2/2019 21:12
362,Leadership,"Tracy, Brian",0,TRUE,,,6/2/2019 21:12,6/2/2019 21:12
363,Sales Success,"Tracy, Brian",0,TRUE,,,6/2/2019 21:12,6/2/2019 21:12
364,Personal Success,"Tracy, Brian",0,TRUE,,,6/2/2019 21:12,6/2/2019 21:12
365,Negotiation,"Tracy, Brian",0,TRUE,,,6/2/2019 21:12,6/2/2019 21:12
366,No Excuses!,"Tracy, Brian",0,TRUE,,,6/2/2019 21:12,6/2/2019 21:12
367,The Best Real Estate Advice I Ever Received,"Trump, Donald",0,TRUE,,,6/2/2019 21:12,6/2/2019 21:12
368,The Art of the Deal,"Trump, Donald",0,TRUE,,,6/2/2019 21:12,6/2/2019 21:12
369,How to Get Rich,"Trump, Donald",0,TRUE,,,6/2/2019 21:12,6/2/2019 21:12
370,Surviving at the Top,"Trump, Donald",0,TRUE,,,6/2/2019 21:12,6/2/2019 21:12
371,Crippled America,"Trump, Donald",0,TRUE,,,6/2/2019 21:12,6/2/2019 21:12
372,The Art of the Comeback,"Trump, Donald",0,TRUE,,,6/2/2019 21:12,6/2/2019 21:12
373,Think Like a Champion (Pocket Version),"Trump, Donald",0,TRUE,,,6/2/2019 21:12,6/2/2019 21:12
374,The Book on Investing in Real Estate with No Money Down,"Turner, Brandon",0,TRUE,,,6/2/2019 21:12,6/2/2019 21:12
375,Addictive Thinking,"Twerski, Abraham",0,TRUE,,,6/2/2019 21:12,6/2/2019 21:12
376,The Soul of Money,"Twist, Lynne",0,TRUE,,,6/2/2019 21:12,6/2/2019 21:12
377,The Art of War,"Tzu, Sun",0,TRUE,,,6/2/2019 21:12,6/2/2019 21:12
378,Bang,"V, Roosh",0,TRUE,,,6/2/2019 21:12,6/2/2019 21:12
379,Day Bang,"V, Roosh",0,TRUE,,,6/2/2019 21:12,6/2/2019 21:12
380,Procrastinate on Purpose,"Vaden, Rory",0,TRUE,,,6/2/2019 21:12,6/2/2019 21:12
381,The Tiger,"Vaillant, John",0,TRUE,,,6/2/2019 21:12,6/2/2019 21:12
382,The Body Keeps Score,"Van Der Kolk, Bessel",0,TRUE,,,6/2/2019 21:12,6/2/2019 21:12
383,Elon Musk,"Vance, Ashlee",0,TRUE,,,6/2/2019 21:12,6/2/2019 21:12
384,What the Most Successful People Do Before Breakfast,"Vanderkam, Laura",0,TRUE,,,6/2/2019 21:12,6/2/2019 21:12
385,What the Most Successful People Do Before Breakfast,"Vanderkam, Laura",0,TRUE,,,6/2/2019 21:12,6/2/2019 21:12
386,"Jab, Jab, Jab, Right Hook","Vaynerchuk, Gary",0,TRUE,,,6/2/2019 21:12,6/2/2019 21:12
387,Crush It!,"Vaynerchuk, Gary",0,TRUE,,,6/2/2019 21:12,6/2/2019 21:12
388,Made in America,"Walton, Sam",0,TRUE,,,6/2/2019 21:12,6/2/2019 21:12
389,Mindless Eating,"Wansink, Brian",0,TRUE,,,6/2/2019 21:12,6/2/2019 21:12
390,The Science of Getting Rich,"Wattles, Wallace",0,TRUE,,,6/2/2019 21:12,6/2/2019 21:12
391,Everything is Obvious,"Watts, Duncan",0,TRUE,,,6/2/2019 21:12,6/2/2019 21:12
392,"When I Stop Talking, You'll Know I'm Dead","Weintraub, Jerry",0,TRUE,,,6/2/2019 21:12,6/2/2019 21:12
393,Money Talks,"Weiss, Alan",0,TRUE,,,6/2/2019 21:12,6/2/2019 21:12
394,The Creator's Code,"Wilkinson, Amy",0,TRUE,,,6/2/2019 21:12,6/2/2019 21:12
395,Extreme Ownership,"Willink, Jocko",0,TRUE,,,6/2/2019 21:12,6/2/2019 21:12
396,The Good News About What's Bad For You,"Wilser, Jeff",0,TRUE,,,6/2/2019 21:12,6/2/2019 21:12
397,Wooden on Leadership,"Wooden, John",0,TRUE,,,6/2/2019 21:12,6/2/2019 21:12
398,Mess,"Yourgrau, Barry",0,TRUE,,,6/2/2019 21:12,6/2/2019 21:12
399,I Am Malala,"Yousafzai, Malala",0,TRUE,,,6/2/2019 21:12,6/2/2019 21:12
400,The 7 Principles of Public Speaking,"Zeoli, Richard",0,TRUE,,,6/2/2019 21:12,6/2/2019 21:12
401,Holy Bible,,0,TRUE,,,6/2/2019 21:12,6/2/2019 21:12
402,The Holy Qur'an,,0,TRUE,,,6/2/2019 21:12,6/2/2019 21:12
403,The Evolution of Desire,"Buss, David",0,TRUE,,,6/2/2019 21:12,6/2/2019 21:12
404,Dollars and Sex,"Adshade, Marina",0,TRUE,,,6/2/2019 21:12,6/2/2019 21:12
405,Beyond Religion,"Lama, Dalai",0,TRUE,,,6/2/2019 21:12,6/2/2019 21:12
406,Great by Choice,"Collins, Jim",0,TRUE,,,6/2/2019 21:12,6/2/2019 21:12
407,The Old Man and the Sea,"Hemingway, Ernest",0,TRUE,,,6/2/2019 21:12,6/2/2019 21:12
408,Ask Gary Vee,"Vaynerchuk, Gary",0,TRUE,,,6/2/2019 21:12,6/2/2019 21:12
409,The Great Gatsby,"Fitzgerald, F. Scott",0,TRUE,,,6/2/2019 21:12,6/2/2019 21:12
410,Stranger in a Strange Land,"Heinlein, Robert",0,TRUE,,,6/2/2019 21:12,6/2/2019 21:12
411,The Hustler,"Tevis, Walter",0,TRUE,,,6/2/2019 21:12,6/2/2019 21:12
412,The Warren Buffett Way,"Hagstrom, Robert",0,TRUE,,,6/2/2019 21:12,6/2/2019 21:12
413,"Mindset, Model, and Marketing","Ferry, Tom",0,TRUE,,,6/2/2019 21:12,6/2/2019 21:12
414,How Should a Person Be?,"Heti, Sheila",0,TRUE,,,6/2/2019 21:12,6/2/2019 21:12
415,The Giver,"Lowry, Lois",0,TRUE,,,6/2/2019 21:12,6/2/2019 21:12
416,Superintelligence,"Bostrom, Nick",0,TRUE,,,6/2/2019 21:12,6/2/2019 21:12
417,Resucceed,"Colburn, James",0,TRUE,,,6/2/2019 21:12,6/2/2019 21:12
418,The Sky is Not the Limit,"Tyson, Neil DeGrasse",0,TRUE,,,6/2/2019 21:12,6/2/2019 21:12
419,The 10 Pillars of Wealth,"Becker, Alex",0,TRUE,,,6/2/2019 21:12,6/2/2019 21:12
420,The Art of Living Consciously,"Branden, Nathaniel",0,TRUE,,,6/2/2019 21:12,6/2/2019 21:12
421,The Little Prince,"Saint-Exupery, Antoine de",0,TRUE,,,6/2/2019 21:12,6/2/2019 21:12
422,The Last Temptation of Christ,"Kazantzakis, Nikos",0,TRUE,,,6/2/2019 21:12,6/2/2019 21:12
423,How to be Ultra Spiritual,"Sears, JP",0,TRUE,,,6/2/2019 21:12,6/2/2019 21:12
424,Let Trump Be Trump,"Lewandowski, Corey",0,TRUE,,,6/2/2019 21:12,6/2/2019 21:12
425,In Tune With the Infinite,"Trine, Ralph Waldo",0,TRUE,,,6/2/2019 21:12,6/2/2019 21:12
426,Self-Reliance,"Emerson, Ralph Waldo",0,TRUE,,,6/2/2019 21:12,6/2/2019 21:12
427,The Magistrate,"Gomez, Deborah",0,TRUE,,,6/2/2019 21:12,6/2/2019 21:12
428,The Hitchhiker's Guide to the Galaxy,"Adams, Douglas",0,TRUE,,,6/2/2019 21:12,6/2/2019 21:12
429,A Clockwork Orange,"Burgess, Anthony",0,TRUE,,,6/2/2019 21:12,6/2/2019 21:12
430,Ham on Rye,"Bukowski, Charles",0,TRUE,,,6/2/2019 21:12,6/2/2019 21:12
431,Stories of Your Life and Others,"Chiang, Ted",0,TRUE,,,6/2/2019 21:12,6/2/2019 21:12
432,Inner Engineering,Sadhguru,0,TRUE,,,6/2/2019 21:12,6/2/2019 21:12
433,The Present Moment,"Elkrief, Noah",0,TRUE,,,6/2/2019 21:12,6/2/2019 21:12
434,On Becoming a Person,"Rogers, Carl",0,TRUE,,,6/2/2019 21:12,6/2/2019 21:12
435,The Sirens of Titan,"Vonnegut, Kurt",0,TRUE,,,6/2/2019 21:12,6/2/2019 21:12
436,Silk,"Baricco, Alessandro",0,TRUE,,,6/2/2019 21:12,6/2/2019 21:12
437,Fire and Fury in the White House,"Wolff, Michael",0,TRUE,,,6/2/2019 21:12,6/2/2019 21:12
438,Critical Thinking,"Wilson, Jennifer",0,TRUE,,,6/2/2019 21:12,6/2/2019 21:12
439,The Age of Reason Begins,"Durant, Will",0,TRUE,,,6/2/2019 21:12,6/2/2019 21:12
440,12 Rules for Life,"Peterson, Jordan",0,TRUE,,,6/2/2019 21:12,6/2/2019 21:12
441,Dead Set on Living,"Grosso, Chris",0,TRUE,,,6/2/2019 21:12,6/2/2019 21:12
442,Starting Out w/ Python,"Gaddis, Tony",0,TRUE,,,6/2/2019 21:12,6/2/2019 21:12
443,Problem Solving in DS & A Using Python,"Jain, Hemant",0,TRUE,,,6/2/2019 21:12,6/2/2019 21:12
444,Win Bigly,"Adams, Scott",0,TRUE,,,6/2/2019 21:12,6/2/2019 21:12
445,Building Java Programs,"Stepp, Marty",0,TRUE,,,6/2/2019 21:12,6/2/2019 21:12
446,Astrophysics for People in a Hurry,"Tyson, Neil DeGrasse",0,TRUE,,,6/2/2019 21:12,6/2/2019 21:12
447,Sex,"Michelmore, Susan",0,TRUE,,,6/2/2019 21:12,6/2/2019 21:12
448,Hsin-Hsin Ming,Seng-ts'an,0,TRUE,,,6/2/2019 21:12,6/2/2019 21:12
449,Change Your Thoughts - Change Your Life,"Dyer, Wayne",0,TRUE,,,6/2/2019 21:12,6/2/2019 21:12
450,The Kindness Approach,"Yarris, Nick",0,TRUE,,,6/2/2019 21:12,6/2/2019 21:12
451,Monsters & Madmen,"Yarris, Nick",0,TRUE,,,6/2/2019 21:12,6/2/2019 21:12
452,Living With a Seal,"Itzler, Jesse",0,TRUE,,,6/2/2019 21:12,6/2/2019 21:12
453,Can't Hurt Me,"Goggins, David",0,TRUE,,,6/2/2019 21:12,6/2/2019 21:12
454,The Corner,"Simon, David",0,TRUE,,,6/2/2019 21:12,6/2/2019 21:12
